Морозов;Михаил;+7(960)913-62-49;личный
Новиков;Всеволод;+7(933)952-06-80;рабочий
Успенский;Александр;+7(915)613-02-87;нет комментария
Афанасьев;Григорий;+7(974)256-79-80;нет комментария
Поляков;Владимир;+7(949)299-05-03;рабочий
Виноградова;Юлия;+7(956)382-30-76;рабочий
Иванова;Софья;+7(988)607-42-20;нет комментария
Фролова;Ульяна;+7(975)352-00-87;личный
Лебедев;Андрей;+7(972)532-43-15;рабочий
Тихонов;Даниил;+7(985)870-43-51;личный
Шаповалов;Максим;+7(993)965-19-98;личный
Власова;Алиса;+7(970)694-17-80;личный
Рыбаков;Захар;+7(961)261-24-16;нет комментария
Зотова;Арина;+7(987)138-58-10;нет комментария
Герасимова;Элина;+7(976)076-72-09;нет комментария
Баженов;Михаил;+7(978)771-93-24;нет комментария
Новикова;Василиса;+7(914)645-40-57;нет комментария
Богданова;Александра;+7(982)751-48-82;личный
Романова;Полина;+7(943)532-79-66;нет комментария
Казаков;Семён;+7(933)078-37-73;рабочий
Дементьев;Владимир;+7(967)673-26-29;рабочий
Корнилов;Максим;+7(961)059-11-63;нет комментария
Морозова;Злата;+7(990)894-17-56;нет комментария
Егорова;Мира;+7(965)652-33-72;рабочий
Кольцова;София;+7(968)939-86-21;личный
Прокофьева;Виктория;+7(942)301-98-42;нет комментария
Смирнов;Роман;+7(988)397-92-88;нет комментария
Волков;Владимир;+7(905)233-46-57;нет комментария
Богданов;Даниил;+7(930)453-15-65;личный
Колесников;Матвей;+7(958)275-66-57;личный
Соколов;Георгий;+7(944)215-81-09;нет комментария
Смирнов;Михаил;+7(910)494-62-44;нет комментария
Соколов;Константин;+7(974)810-51-05;нет комментария
Поляков;Артём;+7(922)910-22-05;рабочий
Борисов;Тимофей;+7(987)839-24-53;рабочий
Крылова;Милана;+7(946)422-76-61;личный
Глухов;Иван;+7(909)279-62-28;нет комментария
Крылова;Анна;+7(954)402-20-71;личный
Соколова;Анна;+7(948)963-71-02;нет комментария
Балашова;Арина;+7(942)406-88-46;нет комментария
Овчинников;Данила;+7(929)220-95-17;личный
Маркова;Анастасия;+7(980)747-90-92;нет комментария
Мухин;Иван;+7(941)259-25-14;личный
Шмелева;Анна;+7(980)511-43-67;рабочий
Соколов;Виктор;+7(925)795-42-74;нет комментария
Судаков;Илья;+7(909)662-34-89;нет комментария
Большакова;Ясмина;+7(983)943-47-46;рабочий
Курочкина;Лидия;+7(945)206-08-96;рабочий
Захаров;Рустам;+7(941)957-24-76;нет комментария
Озерова;Алиса;+7(951)755-91-50;нет комментария
Седов;Константин;+7(906)465-70-69;личный
Калашникова;Анна;+7(927)648-35-33;рабочий
Иванова;Варвара;+7(907)548-69-14;личный
Маркова;Сафия;+7(973)207-57-45;нет комментария
Александров;Василий;+7(969)412-58-51;нет комментария
Кириллова;Виктория;+7(901)727-37-00;нет комментария
Глебов;Андрей;+7(985)268-07-32;личный
Черный;Артём;+7(929)323-13-43;личный
Бирюков;Дмитрий;+7(977)915-83-52;личный
Максимова;Марина;+7(996)241-55-70;личный
Голубева;Виктория;+7(939)355-96-58;нет комментария
Симонова;Кристина;+7(959)997-41-52;личный
Чистяков;Богдан;+7(916)172-04-29;личный
Гуляев;Лев;+7(985)612-93-42;нет комментария
Черный;Данил;+7(955)159-60-83;нет комментария
Елисеев;Юрий;+7(927)519-22-97;нет комментария
Глушкова;Диана;+7(921)687-71-73;нет комментария
Антонова;Анастасия;+7(960)304-30-40;нет комментария
Баженов;Марк;+7(919)482-02-23;нет комментария
Семина;Виктория;+7(936)892-56-96;личный
Греков;Владимир;+7(981)740-47-73;нет комментария
Кузнецова;Яна;+7(925)266-92-50;нет комментария
Казакова;Эмилия;+7(939)984-30-26;нет комментария
Герасимова;Серафима;+7(905)978-58-27;личный
Бессонова;Эмилия;+7(972)277-94-01;рабочий
Леонтьев;Илья;+7(968)875-04-63;нет комментария
Зайцева;Малика;+7(953)431-81-97;нет комментария
Макаров;Константин;+7(953)308-02-34;рабочий
Моисеева;Амина;+7(916)489-52-23;личный
Емельянова;Анна;+7(927)901-53-98;нет комментария
Зверев;Виталий;+7(962)909-45-45;нет комментария
Федоров;Даниил;+7(930)857-96-46;личный
Кузнецов;Артём;+7(929)360-75-72;рабочий
Гущина;Ксения;+7(918)798-59-74;личный
Борисов;Артём;+7(937)378-83-22;нет комментария
Виноградов;Иван;+7(952)831-92-18;нет комментария
Беляев;Степан;+7(911)339-18-00;личный
Долгов;Егор;+7(934)620-10-39;нет комментария
Горшков;Виктор;+7(929)070-70-84;рабочий
Козлова;Алиса;+7(956)623-66-44;личный
Плотникова;Любовь;+7(983)416-42-73;нет комментария
Фомин;Григорий;+7(921)707-84-16;личный
Мухина;Маргарита;+7(950)106-39-73;нет комментария
Баранов;Матвей;+7(928)578-26-42;нет комментария
Ковалева;Полина;+7(975)482-62-16;нет комментария
Попов;Тимур;+7(924)044-00-91;нет комментария
Щербакова;Александра;+7(957)730-81-55;нет комментария
Синицына;Диана;+7(910)010-64-96;нет комментария
Титова;Валерия;+7(994)254-63-46;личный
Мельников;Кирилл;+7(979)415-16-31;нет комментария
Васильева;София;+7(916)925-80-22;личный
Костина;Василиса;+7(916)043-94-02;личный
Андреева;Мария;+7(933)933-93-38;личный
Иванов;Дамир;+7(981)476-77-91;нет комментария
Алексеев;Евгений;+7(906)658-68-30;нет комментария
Зверев;Константин;+7(954)454-29-66;рабочий
Лаврентьева;Ульяна;+7(918)437-03-45;личный
Алексеева;Алиса;+7(935)802-69-14;личный
Шубина;Екатерина;+7(928)249-59-52;нет комментария
Виноградова;Анна;+7(959)395-25-54;рабочий
Степанова;Виктория;+7(912)960-12-38;нет комментария
Кузнецов;Елисей;+7(956)921-97-42;нет комментария
Лебедева;Майя;+7(961)375-61-64;личный
Дементьев;Михаил;+7(961)357-10-75;нет комментария
Фокина;Алиса;+7(991)772-50-99;нет комментария
Зайцева;Алёна;+7(991)685-16-51;личный
Латышев;Дмитрий;+7(904)168-60-23;нет комментария
Крюкова;Виктория;+7(901)741-21-74;нет комментария
Ермаков;Павел;+7(934)146-27-23;личный
Соловьев;Иван;+7(900)068-64-63;личный
Андреев;Марк;+7(903)297-61-30;рабочий
Егоров;Максим;+7(963)591-13-98;личный
Дружинин;Георгий;+7(953)636-41-45;рабочий
Фролова;София;+7(946)428-14-07;личный
Седов;Владислав;+7(977)973-89-30;личный
Бочарова;Алиса;+7(909)468-73-57;рабочий
Савельев;Михаил;+7(974)299-90-78;личный
Голубев;Тимур;+7(990)790-06-25;нет комментария
Гущин;Максим;+7(979)644-04-19;нет комментария
Чернов;Даниил;+7(970)418-40-82;нет комментария
Киселева;Милана;+7(930)531-04-00;личный
Лебедева;Виктория;+7(978)952-50-45;нет комментария
Самойлова;Ника;+7(955)417-21-20;нет комментария
Сорокин;Захар;+7(916)875-46-76;нет комментария
Петров;Дмитрий;+7(941)087-35-95;нет комментария
Воронов;Матвей;+7(923)676-03-07;нет комментария
Новикова;Анна;+7(953)339-85-71;нет комментария
Александрова;Анастасия;+7(986)788-64-69;личный
Сидоров;Михаил;+7(999)089-26-54;нет комментария
Макаров;Владимир;+7(939)746-14-43;нет комментария
Степанов;Иван;+7(966)832-63-00;нет комментария
Семенова;Милана;+7(934)797-74-47;нет комментария
Козловский;Фёдор;+7(958)389-74-11;нет комментария
Емельянов;Илья;+7(961)730-50-53;личный
Киселев;Дмитрий;+7(972)152-38-79;нет комментария
Григорьева;Галина;+7(910)122-06-57;личный
Галкин;Олег;+7(900)966-58-37;рабочий
Журавлев;Сергей;+7(917)674-78-99;нет комментария
Медведева;Марина;+7(978)052-17-61;нет комментария
Яковлева;Анастасия;+7(917)159-29-13;рабочий
Макаров;Александр;+7(911)280-57-90;нет комментария
Ермаков;Артём;+7(927)755-04-93;личный
Ткачева;Диана;+7(902)855-35-65;нет комментария
Горшкова;Варвара;+7(950)672-04-94;нет комментария
Михайлова;Вероника;+7(921)473-06-72;личный
Смирнов;Данила;+7(926)262-93-54;нет комментария
Киселева;Мария;+7(943)715-90-26;личный
Савельев;Тимур;+7(918)617-20-79;нет комментария
Савельев;Илья;+7(977)882-01-06;личный
Цветков;Ярослав;+7(966)431-35-32;рабочий
Макарова;Елена;+7(935)760-23-82;нет комментария
Колесникова;Анна;+7(928)218-48-40;нет комментария
Журавлев;Кирилл;+7(935)489-16-99;нет комментария
Кононова;Арина;+7(903)164-51-16;нет комментария
Васильева;Маргарита;+7(935)042-75-23;нет комментария
Жуков;Максим;+7(984)008-39-80;личный
Степанов;Богдан;+7(989)863-63-16;личный
Киселева;Елена;+7(937)425-10-54;личный
Руднева;Василиса;+7(938)323-19-10;нет комментария
Тимофеева;Софья;+7(944)659-16-29;личный
Иванов;Александр;+7(967)373-13-36;личный
Артамонова;Мария;+7(973)652-44-70;личный
Макаров;Валерий;+7(909)284-66-26;нет комментария
Филиппов;Сергей;+7(901)072-02-69;личный
Симонов;Гордей;+7(920)509-67-68;нет комментария
Кузьмин;Тимофей;+7(917)248-32-76;нет комментария
Филатов;Михаил;+7(958)778-74-47;нет комментария
Воронин;Даниил;+7(947)543-36-57;нет комментария
Щукин;Матвей;+7(978)655-57-80;рабочий
Смирнов;Семён;+7(941)668-19-08;личный
Медведева;Зоя;+7(995)665-94-34;личный
Зайцев;Алексей;+7(902)347-94-88;нет комментария
Константинов;Пётр;+7(941)354-51-61;личный
Елисеева;Варвара;+7(973)099-46-67;нет комментария
Морозова;Евгения;+7(910)557-51-69;личный
Баранов;Степан;+7(971)304-10-06;нет комментария
Большаков;Михаил;+7(990)481-75-90;нет комментария
Ковалева;Софья;+7(996)413-48-39;нет комментария
Новиков;Максим;+7(914)894-91-65;рабочий
Семенова;Алиса;+7(984)478-00-98;личный
Булгакова;Вероника;+7(950)360-16-42;нет комментария
Александров;Алексей;+7(971)963-75-91;нет комментария
Комарова;Вера;+7(942)070-56-42;нет комментария
Баранов;Матвей;+7(999)447-26-17;нет комментария
Ковалева;Полина;+7(985)999-15-22;личный
Попов;Тимур;+7(918)479-68-98;нет комментария
Щербакова;Александра;+7(959)116-68-95;нет комментария
Синицына;Диана;+7(900)170-66-59;нет комментария
Титова;Валерия;+7(914)118-69-48;личный
Мельников;Кирилл;+7(942)115-15-02;личный
Васильева;София;+7(956)147-24-07;нет комментария
Костина;Василиса;+7(993)211-28-27;рабочий
Андреева;Мария;+7(994)386-07-32;нет комментария
Иванов;Дамир;+7(967)819-74-71;рабочий
Алексеев;Евгений;+7(942)148-50-77;личный
Зверев;Константин;+7(976)559-94-51;нет комментария
Лаврентьева;Ульяна;+7(990)531-93-57;нет комментария
Алексеева;Алиса;+7(950)025-38-11;нет комментария
Шубина;Екатерина;+7(958)375-48-05;рабочий
Виноградова;Анна;+7(913)262-31-91;личный
Степанова;Виктория;+7(905)169-41-21;нет комментария
Кузнецов;Елисей;+7(956)170-12-08;нет комментария
Лебедева;Майя;+7(990)452-43-49;личный
Дементьев;Михаил;+7(914)890-79-25;нет комментария
Фокина;Алиса;+7(965)386-92-92;нет комментария
Зайцева;Алёна;+7(946)558-81-86;нет комментария
Латышев;Дмитрий;+7(962)392-64-61;нет комментария
Крюкова;Виктория;+7(960)373-58-09;личный
Ермаков;Павел;+7(930)129-50-20;личный
Соловьев;Иван;+7(919)704-22-82;нет комментария
Андреев;Марк;+7(972)923-37-48;нет комментария
Егоров;Максим;+7(970)934-62-31;личный
Дружинин;Георгий;+7(947)342-79-96;личный
Фролова;София;+7(971)810-62-98;личный
Седов;Владислав;+7(952)793-29-42;нет комментария
Бочарова;Алиса;+7(954)778-39-34;нет комментария
Савельев;Михаил;+7(915)955-82-00;нет комментария
Голубев;Тимур;+7(928)521-55-32;нет комментария
Гущин;Максим;+7(994)377-06-35;личный
Чернов;Даниил;+7(987)666-72-93;личный
Киселева;Милана;+7(922)394-04-33;нет комментария
Лебедева;Виктория;+7(986)262-87-89;нет комментария
Самойлова;Ника;+7(952)165-51-52;личный
Сорокин;Захар;+7(924)103-81-84;нет комментария
Петров;Дмитрий;+7(995)246-36-05;нет комментария
Воронов;Матвей;+7(922)810-80-46;нет комментария
Новикова;Анна;+7(972)556-91-26;рабочий
Александрова;Анастасия;+7(975)067-56-68;личный
Сидоров;Михаил;+7(964)830-80-05;личный
Макаров;Владимир;+7(903)732-57-73;личный
Степанов;Иван;+7(952)313-73-68;рабочий
Семенова;Милана;+7(919)902-54-30;нет комментария
Козловский;Фёдор;+7(900)492-88-70;нет комментария
Емельянов;Илья;+7(990)383-58-90;рабочий
Киселев;Дмитрий;+7(913)733-45-28;рабочий
Григорьева;Галина;+7(967)625-62-04;рабочий
Галкин;Олег;+7(921)603-25-74;нет комментария
Журавлев;Сергей;+7(910)040-16-54;нет комментария
Медведева;Марина;+7(913)655-41-73;личный
Яковлева;Анастасия;+7(910)358-39-84;нет комментария
Макаров;Александр;+7(976)376-61-90;рабочий
Ермаков;Артём;+7(971)440-83-51;рабочий
Ткачева;Диана;+7(946)351-94-99;личный
Горшкова;Варвара;+7(945)848-69-30;личный
Михайлова;Вероника;+7(996)234-41-03;личный
Смирнов;Данила;+7(903)244-06-29;личный
Киселева;Мария;+7(981)382-17-08;нет комментария
Савельев;Тимур;+7(921)502-94-20;личный
Савельев;Илья;+7(911)304-80-04;рабочий
Цветков;Ярослав;+7(950)630-97-28;нет комментария
Макарова;Елена;+7(902)471-24-02;рабочий
Колесникова;Анна;+7(900)769-47-09;личный
Журавлев;Кирилл;+7(994)025-54-63;личный
Кононова;Арина;+7(986)396-05-75;личный
Васильева;Маргарита;+7(969)329-43-50;нет комментария
Жуков;Максим;+7(927)125-74-12;личный
Степанов;Богдан;+7(902)368-46-67;личный
Киселева;Елена;+7(977)116-64-42;нет комментария
Руднева;Василиса;+7(968)716-08-07;личный
Тимофеева;Софья;+7(924)153-84-19;нет комментария
Иванов;Александр;+7(913)651-81-61;нет комментария
Артамонова;Мария;+7(990)469-25-29;нет комментария
Макаров;Валерий;+7(993)425-59-39;нет комментария
Филиппов;Сергей;+7(965)151-88-08;рабочий
Симонов;Гордей;+7(910)889-89-12;нет комментария
Кузьмин;Тимофей;+7(994)481-37-86;нет комментария
Филатов;Михаил;+7(931)644-30-68;рабочий
Воронин;Даниил;+7(985)359-36-54;рабочий
Щукин;Матвей;+7(919)378-49-84;рабочий
Смирнов;Семён;+7(959)186-81-05;личный
Медведева;Зоя;+7(962)837-74-62;личный
Зайцев;Алексей;+7(980)401-50-06;личный
Константинов;Пётр;+7(915)619-41-20;нет комментария
Елисеева;Варвара;+7(915)274-89-54;нет комментария
Морозова;Евгения;+7(901)232-55-39;рабочий
Баранов;Степан;+7(984)102-25-69;личный
Большаков;Михаил;+7(950)822-32-78;рабочий
Ковалева;Софья;+7(915)953-20-84;нет комментария
Новиков;Максим;+7(907)137-11-04;рабочий
Семенова;Алиса;+7(983)172-77-69;нет комментария
Булгакова;Вероника;+7(975)588-15-68;рабочий
Александров;Алексей;+7(976)237-21-73;нет комментария
Комарова;Вера;+7(928)575-94-22;нет комментария
Семенова;Вероника;+7(935)991-02-30;личный
Яковлев;Мирослав;+7(961)405-02-87;личный
Еремина;Варвара;+7(994)893-38-56;нет комментария
Соловьева;Кристина;+7(964)238-89-47;нет комментария
Сомова;Мария;+7(998)395-62-24;нет комментария
Королев;Дмитрий;+7(926)885-89-98;нет комментария
Яшин;Ярослав;+7(915)011-52-07;рабочий
Кочетова;Анастасия;+7(944)910-23-70;нет комментария
Савина;Виктория;+7(956)656-92-82;нет комментария
Черепанов;Павел;+7(976)397-28-88;нет комментария
Парфенов;Виктор;+7(924)281-94-83;нет комментария
Воронина;Полина;+7(900)875-37-89;личный
Цветков;Максим;+7(904)745-04-37;нет комментария
Петрова;Елена;+7(993)197-39-73;личный
Моисеев;Артём;+7(945)124-05-61;нет комментария
Лебедева;Амелия;+7(993)926-95-10;рабочий
Иванова;Анна;+7(929)269-62-23;личный
Логинова;Екатерина;+7(904)652-99-83;личный
Колосов;Константин;+7(925)547-03-15;личный
Поляков;Даниил;+7(953)205-32-00;нет комментария
Герасимов;Савелий;+7(940)745-77-99;нет комментария
Андрианова;Алёна;+7(954)135-34-55;нет комментария
Бондарев;Адам;+7(983)406-31-37;нет комментария
Константинова;Анна;+7(973)231-12-43;нет комментария
Крылов;Кирилл;+7(955)700-07-23;личный
Бородин;Егор;+7(934)240-75-14;нет комментария
Тарасов;Никита;+7(954)904-61-36;нет комментария
Емельянов;Арсений;+7(922)037-27-46;рабочий
Золотарев;Матвей;+7(986)644-93-98;личный
Белкина;Кристина;+7(929)814-96-89;нет комментария
Борисов;Семён;+7(950)582-32-87;личный
Осипов;Константин;+7(968)284-64-10;нет комментария
Степанов;Павел;+7(900)050-28-32;рабочий
Козлов;Гордей;+7(969)107-51-15;нет комментария
Пономарева;Виктория;+7(996)259-05-42;нет комментария
Иванова;Василиса;+7(928)927-45-61;рабочий
Тимофеев;Тимофей;+7(969)799-16-41;личный
Гусев;Демид;+7(946)357-47-58;нет комментария
Сафонов;Тимофей;+7(972)462-36-69;нет комментария
Карпова;София;+7(901)701-45-09;личный
Баранов;Иван;+7(940)964-74-83;личный
Мещеряков;Родион;+7(937)400-58-40;личный
Носов;Константин;+7(922)487-02-59;нет комментария
Богданова;Василиса;+7(912)064-78-14;нет комментария
Сорокина;Ева;+7(910)788-24-36;нет комментария
Нестерова;Кристина;+7(970)546-37-47;нет комментария
Сазонов;Владислав;+7(914)825-68-36;нет комментария
Киселев;Иван;+7(904)358-93-21;личный
Михеева;Есения;+7(949)879-16-32;личный
Левина;Марина;+7(912)634-30-69;личный
Кольцов;Максим;+7(905)967-07-33;нет комментария
Жуков;Максим;+7(980)339-87-48;нет комментария
Кузьмин;Семён;+7(904)768-75-96;нет комментария
Софронов;Матвей;+7(966)211-78-01;рабочий
Андреев;Дмитрий;+7(994)390-28-39;нет комментария
Зайцев;Андрей;+7(939)318-05-63;личный
Дроздова;Елизавета;+7(966)290-78-88;нет комментария
Румянцев;Артём;+7(926)076-34-68;личный
Соколов;Егор;+7(935)595-05-66;рабочий
Кудряшова;Дарья;+7(959)270-27-21;личный
Смирнов;Михаил;+7(914)185-11-68;рабочий
Антонова;Ольга;+7(943)996-10-05;рабочий
Комаров;Роберт;+7(935)905-79-15;личный
Егорова;Злата;+7(928)485-58-76;личный
Кондратьев;Герман;+7(961)189-94-56;нет комментария
Любимов;Максим;+7(901)767-67-92;личный
Кузнецова;Стефания;+7(922)749-59-00;нет комментария
Михайлов;Олег;+7(913)485-05-61;нет комментария
Ермаков;Адам;+7(969)949-31-85;нет комментария
Гаврилова;Алина;+7(917)986-89-90;личный
Белякова;Лидия;+7(943)866-40-96;нет комментария
Маркова;Таисия;+7(966)654-81-74;нет комментария
Соколова;Стефания;+7(940)489-50-46;личный
Козлов;Платон;+7(911)348-62-89;личный
Дубинина;Ксения;+7(970)701-00-65;нет комментария
Новикова;Елена;+7(965)677-97-97;рабочий
Алексеева;Полина;+7(968)781-30-19;нет комментария
Дмитриева;Арина;+7(994)477-96-73;личный
Иванов;Павел;+7(976)237-44-73;нет комментария
Лазарева;Ангелина;+7(986)439-74-23;нет комментария
Сергеев;Алексей;+7(965)154-37-48;личный
Афанасьев;Алексей;+7(943)629-62-15;личный
Андреева;Мария;+7(909)480-51-38;личный
Ефремов;Денис;+7(973)513-83-14;рабочий
Молчанова;Виктория;+7(979)613-48-52;личный
Одинцов;Владимир;+7(987)090-97-52;нет комментария
Колосов;Фёдор;+7(924)777-32-52;нет комментария
Логинова;Анна;+7(905)471-62-64;личный
Рыбакова;Анастасия;+7(969)540-79-28;нет комментария
Серов;Эмиль;+7(960)568-16-36;нет комментария
Логинова;Мария;+7(915)779-09-12;нет комментария
Козлова;Ева;+7(903)042-58-24;нет комментария
Еремин;Александр;+7(978)781-44-98;нет комментария
Копылова;София;+7(947)524-60-59;нет комментария
Кузнецов;Матвей;+7(919)875-67-41;нет комментария
Попова;Мария;+7(978)738-10-63;нет комментария
Ананьева;Ксения;+7(979)465-06-55;рабочий
Орлов;Глеб;+7(992)887-72-98;личный
Алешин;Тимур;+7(997)173-38-82;личный
Зеленина;Эвелина;+7(906)640-09-57;личный
Кузина;Аврора;+7(943)068-01-32;нет комментария
Ильина;Светлана;+7(975)415-54-75;рабочий
Богданова;Алина;+7(979)215-37-90;нет комментария
Иванова;Виктория;+7(982)579-26-28;рабочий
Семенов;Платон;+7(980)677-29-28;нет комментария
Исаева;Полина;+7(920)664-83-39;рабочий
Серова;Фатима;+7(931)737-70-56;нет комментария
Зиновьев;Григорий;+7(964)651-79-71;нет комментария
Титов;Артём;+7(933)131-85-79;нет комментария
Любимов;Алексей;+7(915)831-49-58;нет комментария
Беляева;Кира;+7(932)609-70-95;нет комментария
Гаврилов;Максим;+7(999)680-24-35;личный
Александров;Давид;+7(930)886-24-89;личный
Казакова;Мария;+7(924)837-18-17;нет комментария
Афанасьева;Светлана;+7(956)528-44-05;нет комментария
Дмитриева;Евгения;+7(974)831-38-15;нет комментария
Фадеев;Андрей;+7(959)343-05-71;нет комментария
Коновалова;Ева;+7(954)845-21-15;личный
Давыдова;Евдокия;+7(917)775-37-53;нет комментария
Климова;Виктория;+7(958)437-47-91;нет комментария
Васильева;Елизавета;+7(996)220-75-26;нет комментария
Пахомова;Анна;+7(996)672-17-91;личный
Михайлов;Михаил;+7(951)991-19-60;нет комментария
Касаткин;Артём;+7(951)620-55-54;нет комментария
Князева;Амина;+7(974)003-21-73;личный
Андреева;Дарья;+7(918)308-10-56;нет комментария
Ерофеева;Юлия;+7(967)827-53-37;нет комментария
Комаров;Пётр;+7(982)218-12-11;нет комментария
Овсянников;Илья;+7(996)985-47-26;нет комментария
Абрамов;Даниил;+7(951)909-13-54;нет комментария
Петухов;Андрей;+7(974)927-21-50;личный
Андреев;Павел;+7(982)581-12-74;нет комментария
Волков;Константин;+7(962)187-66-90;нет комментария
Меркулов;Давид;+7(911)375-72-86;личный
Молчанов;Иван;+7(960)086-66-26;личный
Суслова;Полина;+7(939)689-52-97;нет комментария
Суркова;Александра;+7(940)745-46-72;рабочий
Игнатьева;Софья;+7(901)981-01-37;нет комментария
Емельянова;Аиша;+7(959)671-10-61;личный
Григорьев;Егор;+7(952)347-19-87;личный
Васильев;Александр;+7(909)647-32-73;личный
Соловьев;Захар;+7(947)945-75-46;нет комментария
Куликов;Артём;+7(973)785-37-43;рабочий
Кузнецова;Диана;+7(917)463-38-82;рабочий
Никитин;Даниил;+7(915)042-16-55;личный
Добрынина;Диана;+7(918)068-90-33;нет комментария
Белова;Алина;+7(933)119-18-64;личный
Комиссаров;Максим;+7(911)484-84-09;рабочий
Черных;Ольга;+7(975)397-41-80;рабочий
Кудрявцева;Ольга;+7(926)553-09-73;рабочий
Абрамов;Артур;+7(934)889-03-84;личный
Дементьев;Максим;+7(998)803-20-03;нет комментария
Елисеева;Кира;+7(964)543-38-88;личный
Ильин;Егор;+7(964)701-76-92;нет комментария
Зверев;Михаил;+7(984)557-46-42;нет комментария
Лукьянова;Анастасия;+7(970)778-39-22;рабочий
Прохорова;Валерия;+7(998)883-11-54;личный
Панкова;Элина;+7(988)986-15-73;нет комментария
Алешина;Полина;+7(983)176-80-52;личный
Маркелова;София;+7(998)460-40-67;личный
Черкасова;София;+7(988)576-35-95;рабочий
Смирнов;Марк;+7(975)129-15-42;нет комментария
Казакова;София;+7(920)499-59-06;нет комментария
Максимов;Андрей;+7(962)443-07-35;личный
Сомова;Софья;+7(960)920-19-96;нет комментария
Алексеев;Руслан;+7(963)116-70-17;нет комментария
Фролов;Андрей;+7(989)664-77-53;личный
Николаева;Яна;+7(969)083-59-14;нет комментария
Полякова;Ульяна;+7(960)300-24-45;рабочий
Румянцев;Тимофей;+7(927)144-82-05;нет комментария
Федотова;Анастасия;+7(951)196-86-74;рабочий
Панина;Софья;+7(954)377-04-88;нет комментария
Серебрякова;Таисия;+7(994)018-63-53;нет комментария
Игнатов;Матвей;+7(918)164-78-25;личный
Денисова;София;+7(958)266-86-76;нет комментария
Носкова;Елизавета;+7(983)691-03-01;нет комментария
Павлов;Всеволод;+7(989)709-08-54;личный
Анисимова;Лейла;+7(903)106-24-73;нет комментария
Попова;Алиса;+7(916)649-85-07;нет комментария
Шувалов;Олег;+7(946)211-09-66;нет комментария
Абрамова;Вероника;+7(953)746-46-85;нет комментария
Леонтьева;Елена;+7(963)420-72-41;нет комментария
Никифоров;Георгий;+7(978)644-29-41;нет комментария
Чижов;Илья;+7(974)006-88-57;нет комментария
Егоров;Леонид;+7(940)845-98-58;нет комментария
Ерофеев;Владислав;+7(980)535-57-85;нет комментария
Горелов;Андрей;+7(983)705-28-34;личный
Филиппов;Александр;+7(937)362-06-50;нет комментария
Ларин;Михаил;+7(931)747-05-10;нет комментария
Белоусова;Диана;+7(962)788-06-50;нет комментария
Александрова;Алиса;+7(993)800-39-65;рабочий
Лебедев;Лев;+7(979)929-00-13;личный
Лазарева;Мария;+7(951)493-55-34;нет комментария
Козлов;Иван;+7(909)287-08-56;нет комментария
Зорина;Майя;+7(966)907-35-57;нет комментария
Киселев;Михаил;+7(972)742-88-69;нет комментария
Исаев;Илья;+7(966)743-06-97;нет комментария
Соловьева;Виктория;+7(901)652-72-93;личный
Шилов;Сергей;+7(991)398-44-99;нет комментария
Иванов;Дмитрий;+7(972)842-56-71;нет комментария
Иванова;Ивана;321-45-55;примечение
Петрова;Петра;123-45-55;примечение
Сидорова;Сидора;321-56-55;примечение
ааа;ьььь;вввв;пппп
